Workbook

Sheet Bookings
B5: DATE START | E5: DATE END
B7: 46240 | E7: 46247 | H7: TOTAL: | J7: =SUMIFS(Calendar!J:J, Calendar!A:A, ">="&B7, Calendar!A:A, "<"&E7) -> 2808 | K7: $
L17: =COUNTIFS(Calendar!A:A, ">="&B7, Calendar!A:A, "<"&E7) -> 7

Sheet Control Panel
A1: Base Price | B1: 300
A3: Season Mult:
B4: Winter | C4: 1.25
B5: Low | C5: 0.85
B6: Spring | C6: 0.9
B7: Summer | C7: 1.3
B8: Fall | C8: 1.15
A10: Jour De la Semaine:
B11: Monday | C11: 0.95
B12: Tuesday | C12: 0.95
B13: Wednesday | C13: 0.95
B14: Thursday | C14: 0.95
B15: Friday | C15: 1.1
B16: Saturday | C16: 1.25
B17: Sunday | C17: 1.05
A19: Fériér
B20: New Year | C20: 0.5
B21: St-Jean | C21: 0.35
B22: Canada Day | C22: 0.35
B23: Construction Holiday | C23: 0.45
B24: Labor Day | C24: 0.25
B25: Thanksgiving | C25: 0.25
B26: Christmas | C26: 0.6

Sheet Calendar
A1: Date | B1: Day | C1: Season | D1: Season Mult | E1: Jour de la semaine | F1: Fériér | G1: Fériér Boost | H1: Adj de demande | I1: Final % | J1: Price ($)
A2: January
A3: 46023 | B3: Thursday | C3: Winter | D3: =_xlfn.XLOOKUP(C3, 'Control Panel'!$B$4:$B$8,'Control Panel'!$C$4:$C$8,"0") -> 1.25 | E3: =_xlfn.XLOOKUP(B3, 'Control Panel'!$B$11:$B$17,'Control Panel'!$C$11:$C$17,"0") -> 0.95 | F3: New Year | G3: =_xlfn.XLOOKUP(F3, 'Control Panel'!$B$20:$B$26,'Control Panel'!$C$20:$C$26,"0") -> 0.5 | H3: 0 | I3: =(D3*E3)+G3+H3 -> 1.6875 | J3: =MAX(300,SUM('Control Panel'!$B$1*I3)) -> 506.25
A4: 46024 | B4: Friday | C4: Winter | D4: =_xlfn.XLOOKUP(C4, 'Control Panel'!$B$4:$B$8,'Control Panel'!$C$4:$C$8,"0") -> 1.25 | E4: =_xlfn.XLOOKUP(B4, 'Control Panel'!$B$11:$B$17,'Control Panel'!$C$11:$C$17,"0") -> 1.1 | G4: =_xlfn.XLOOKUP(F4, 'Control Panel'!$B$20:$B$26,'Control Panel'!$C$20:$C$26,"0") -> 0 | H4: 0 | I4: =(D4*E4)+G4+H4 -> 1.375 | J4: =MAX(300,SUM('Control Panel'!$B$1*I4)) -> 412.5
A5: 46025 | B5: Saturday | C5: Winter | D5: =_xlfn.XLOOKUP(C5, 'Control Panel'!$B$4:$B$8,'Control Panel'!$C$4:$C$8,"0") -> 1.25 | E5: =_xlfn.XLOOKUP(B5, 'Control Panel'!$B$11:$B$17,'Control Panel'!$C$11:$C$17,"0") -> 1.25 | G5: =_xlfn.XLOOKUP(F5, 'Control Panel'!$B$20:$B$26,'Control Panel'!$C$20:$C$26,"0") -> 0 | H5: 0 | I5: =(D5*E5)+G5+H5 -> 1.5625 | J5: =MAX(300,SUM('Control Panel'!$B$1*I5)) -> 468.75
A6: 46026 | B6: Sunday | C6: Winter | D6: =_xlfn.XLOOKUP(C6, 'Control Panel'!$B$4:$B$8,'Control Panel'!$C$4:$C$8,"0") -> 1.25 | E6: =_xlfn.XLOOKUP(B6, 'Control Panel'!$B$11:$B$17,'Control Panel'!$C$11:$C$17,"0") -> 1.05 | G6: =_xlfn.XLOOKUP(F6, 'Control Panel'!$B$20:$B$26,'Control Panel'!$C$20:$C$26,"0") -> 0 | H6: 0 | I6: =(D6*E6)+G6+H6 -> 1.3125 | J6: =MAX(300,SUM('Control Panel'!$B$1*I6)) -> 393.75
A7: 46027 | B7: Monday | C7: Winter | D7: =_xlfn.XLOOKUP(C7, 'Control Panel'!$B$4:$B$8,'Control Panel'!$C$4:$C$8,"0") -> 1.25 | E7: =_xlfn.XLOOKUP(B7, 'Control Panel'!$B$11:$B$17,'Control Panel'!$C$11:$C$17,"0") -> 0.95 | G7: =_xlfn.XLOOKUP(F7, 'Control Panel'!$B$20:$B$26,'Control Panel'!$C$20:$C$26,"0") -> 0 | H7: 0 | I7: =(D7*E7)+G7+H7 -> 1.1875 | J7: =MAX(300,SUM('Control Panel'!$B$1*I7)) -> 356.25
A8: 46028 | B8: Tuesday | C8: Winter | D8: =_xlfn.XLOOKUP(C8, 'Control Panel'!$B$4:$B$8,'Control Panel'!$C$4:$C$8,"0") -> 1.25 | E8: =_xlfn.XLOOKUP(B8, 'Control Panel'!$B$11:$B$17,'Control Panel'!$C$11:$C$17,"0") -> 0.95 | G8: =_xlfn.XLOOKUP(F8, 'Control Panel'!$B$20:$B$26,'Control Panel'!$C$20:$C$26,"0") -> 0 | H8: 0 | I8: =(D8*E8)+G8+H8 -> 1.1875 | J8: =MAX(300,SUM('Control Panel'!$B$1*I8)) -> 356.25
A9: 46029 | B9: Wednesday | C9: Winter | D9: =_xlfn.XLOOKUP(C9, 'Control Panel'!$B$4:$B$8,'Control Panel'!$C$4:$C$8,"0") -> 1.25 | E9: =_xlfn.XLOOKUP(B9, 'Control Panel'!$B$11:$B$17,'Control Panel'!$C$11:$C$17,"0") -> 0.95 | G9: =_xlfn.XLOOKUP(F9, 'Control Panel'!$B$20:$B$26,'Control Panel'!$C$20:$C$26,"0") -> 0 | H9: 0 | I9: =(D9*E9)+G9+H9 -> 1.1875 | J9: =MAX(300,SUM('Control Panel'!$B$1*I9)) -> 356.25
A10: 46030 | B10: Thursday | C10: Winter | D10: =_xlfn.XLOOKUP(C10, 'Control Panel'!$B$4:$B$8,'Control Panel'!$C$4:$C$8,"0") -> 1.25 | E10: =_xlfn.XLOOKUP(B10, 'Control Panel'!$B$11:$B$17,'Control Panel'!$C$11:$C$17,"0") -> 0.95 | G10: =_xlfn.XLOOKUP(F10, 'Control Panel'!$B$20:$B$26,'Control Panel'!$C$20:$C$26,"0") -> 0 | H10: 0 | I10: =(D10*E10)+G10+H10 -> 1.1875 | J10: =MAX(300,SUM('Control Panel'!$B$1*I10)) -> 356.25
A11: 46031 | B11: Friday | C11: Winter | D11: =_xlfn.XLOOKUP(C11, 'Control Panel'!$B$4:$B$8,'Control Panel'!$C$4:$C$8,"0") -> 1.25 | E11: =_xlfn.XLOOKUP(B11, 'Control Panel'!$B$11:$B$17,'Control Panel'!$C$11:$C$17,"0") -> 1.1 | G11: =_xlfn.XLOOKUP(F11, 'Control Panel'!$B$20:$B$26,'Control Panel'!$C$20:$C$26,"0") -> 0 | H11: 0 | I11: =(D11*E11)+G11+H11 -> 1.375 | J11: =MAX(300,SUM('Control Panel'!$B$1*I11)) -> 412.5
A12: 46032 | B12: Saturday | C12: Winter | D12: =_xlfn.XLOOKUP(C12, 'Control Panel'!$B$4:$B$8,'Control Panel'!$C$4:$C$8,"0") -> 1.25 | E12: =_xlfn.XLOOKUP(B12, 'Control Panel'!$B$11:$B$17,'Control Panel'!$C$11:$C$17,"0") -> 1.25 | G12: =_xlfn.XLOOKUP(F12, 'Control Panel'!$B$20:$B$26,'Control Panel'!$C$20:$C$26,"0") -> 0 | H12: 0 | I12: =(D12*E12)+G12+H12 -> 1.5625 | J12: =MAX(300,SUM('Control Panel'!$B$1*I12)) -> 468.75
A13: 46033 | B13: Sunday | C13: Winter | D13: =_xlfn.XLOOKUP(C13, 'Control Panel'!$B$4:$B$8,'Control Panel'!$C$4:$C$8,"0") -> 1.25 | E13: =_xlfn.XLOOKUP(B13, 'Control Panel'!$B$11:$B$17,'Control Panel'!$C$11:$C$17,"0") -> 1.05 | G13: =_xlfn.XLOOKUP(F13, 'Control Panel'!$B$20:$B$26,'Control Panel'!$C$20:$C$26,"0") -> 0 | H13: 0 | I13: =(D13*E13)+G13+H13 -> 1.3125 | J13: =MAX(300,SUM('Control Panel'!$B$1*I13)) -> 393.75
A14: 46034 | B14: Monday | C14: Winter | D14: =_xlfn.XLOOKUP(C14, 'Control Panel'!$B$4:$B$8,'Control Panel'!$C$4:$C$8,"0") -> 1.25 | E14: =_xlfn.XLOOKUP(B14, 'Control Panel'!$B$11:$B$17,'Control Panel'!$C$11:$C$17,"0") -> 0.95 | G14: =_xlfn.XLOOKUP(F14, 'Control Panel'!$B$20:$B$26,'Control Panel'!$C$20:$C$26,"0") -> 0 | H14: 0 | I14: =(D14*E14)+G14+H14 -> 1.1875 | J14: =MAX(300,SUM('Control Panel'!$B$1*I14)) -> 356.25
A15: 46035 | B15: Tuesday | C15: Winter | D15: =_xlfn.XLOOKUP(C15, 'Control Panel'!$B$4:$B$8,'Control Panel'!$C$4:$C$8,"0") -> 1.25 | E15: =_xlfn.XLOOKUP(B15, 'Control Panel'!$B$11:$B$17,'Control Panel'!$C$11:$C$17,"0") -> 0.95 | G15: =_xlfn.XLOOKUP(F15, 'Control Panel'!$B$20:$B$26,'Control Panel'!$C$20:$C$26,"0") -> 0 | H15: 0 | I15: =(D15*E15)+G15+H15 -> 1.1875 | J15: =MAX(300,SUM('Control Panel'!$B$1*I15)) -> 356.25
... A33: 46053 | B33: Saturday | C33: Winter | D33: =_xlfn.XLOOKUP(C33, 'Control Panel'!$B$4:$B$8,'Control Panel'!$C$4:$C$8,"0") -> 1.25 | E33: =_xlfn.XLOOKUP(B33, 'Control Panel'!$B$11:$B$17,'Control Panel'!$C$11:$C$17,"0") -> 1.25 | G33: =_xlfn.XLOOKUP(F33, 'Control Panel'!$B$20:$B$26,'Control Panel'!$C$20:$C$26,"0") -> 0 | H33: 0 | I33: =(D33*E33)+G33+H33 -> 1.5625 | J33: =MAX(300,SUM('Control Panel'!$B$1*I33)) -> 468.75
A34: Feburary | G34: =_xlfn.XLOOKUP(F34, 'Control Panel'!$B$20:$B$26,'Control Panel'!$C$20:$C$26,"0") -> 0
A35: 46054 | B35: Sunday | C35: Winter | D35: =_xlfn.XLOOKUP(C35, 'Control Panel'!$B$4:$B$8,'Control Panel'!$C$4:$C$8,"0") -> 1.25 | E35: =_xlfn.XLOOKUP(B35, 'Control Panel'!$B$11:$B$17,'Control Panel'!$C$11:$C$17,"0") -> 1.05 | G35: =_xlfn.XLOOKUP(F35, 'Control Panel'!$B$20:$B$26,'Control Panel'!$C$20:$C$26,"0") -> 0 | H35: 0 | I35: =(D35*E35)+G35+H35 -> 1.3125 | J35: =MAX(300,SUM('Control Panel'!$B$1*I35)) -> 393.75
A36: 46055 | B36: Monday | C36: Winter | D36: =_xlfn.XLOOKUP(C36, 'Control Panel'!$B$4:$B$8,'Control Panel'!$C$4:$C$8,"0") -> 1.25 | E36: =_xlfn.XLOOKUP(B36, 'Control Panel'!$B$11:$B$17,'Control Panel'!$C$11:$C$17,"0") -> 0.95 | G36: =_xlfn.XLOOKUP(F36, 'Control Panel'!$B$20:$B$26,'Control Panel'!$C$20:$C$26,"0") -> 0 | H36: 0 | I36: =(D36*E36)+G36+H36 -> 1.1875 | J36: =MAX(300,SUM('Control Panel'!$B$1*I36)) -> 356.25
A37: 46056 | B37: Tuesday | C37: Winter | D37: =_xlfn.XLOOKUP(C37, 'Control Panel'!$B$4:$B$8,'Control Panel'!$C$4:$C$8,"0") -> 1.25 | E37: =_xlfn.XLOOKUP(B37, 'Control Panel'!$B$11:$B$17,'Control Panel'!$C$11:$C$17,"0") -> 0.95 | G37: =_xlfn.XLOOKUP(F37, 'Control Panel'!$B$20:$B$26,'Control Panel'!$C$20:$C$26,"0") -> 0 | H37: 0 | I37: =(D37*E37)+G37+H37 -> 1.1875 | J37: =MAX(300,SUM('Control Panel'!$B$1*I37)) -> 356.25
A38: 46057 | B38: Wednesday | C38: Winter | D38: =_xlfn.XLOOKUP(C38, 'Control Panel'!$B$4:$B$8,'Control Panel'!$C$4:$C$8,"0") -> 1.25 | E38: =_xlfn.XLOOKUP(B38, 'Control Panel'!$B$11:$B$17,'Control Panel'!$C$11:$C$17,"0") -> 0.95 | G38: =_xlfn.XLOOKUP(F38, 'Control Panel'!$B$20:$B$26,'Control Panel'!$C$20:$C$26,"0") -> 0 | H38: 0 | I38: =(D38*E38)+G38+H38 -> 1.1875 | J38: =MAX(300,SUM('Control Panel'!$B$1*I38)) -> 356.25
A39: 46058 | B39: Thursday | C39: Winter | D39: =_xlfn.XLOOKUP(C39, 'Control Panel'!$B$4:$B$8,'Control Panel'!$C$4:$C$8,"0") -> 1.25 | E39: =_xlfn.XLOOKUP(B39, 'Control Panel'!$B$11:$B$17,'Control Panel'!$C$11:$C$17,"0") -> 0.95 | G39: =_xlfn.XLOOKUP(F39, 'Control Panel'!$B$20:$B$26,'Control Panel'!$C$20:$C$26,"0") -> 0 | H39: 0 | I39: =(D39*E39)+G39+H39 -> 1.1875 | J39: =MAX(300,SUM('Control Panel'!$B$1*I39)) -> 356.25
A40: 46059 | B40: Friday | C40: Winter | D40: =_xlfn.XLOOKUP(C40, 'Control Panel'!$B$4:$B$8,'Control Panel'!$C$4:$C$8,"0") -> 1.25 | E40: =_xlfn.XLOOKUP(B40, 'Control Panel'!$B$11:$B$17,'Control Panel'!$C$11:$C$17,"0") -> 1.1 | G40: =_xlfn.XLOOKUP(F40, 'Control Panel'!$B$20:$B$26,'Control Panel'!$C$20:$C$26,"0") -> 0 | H40: 0 | I40: =(D40*E40)+G40+H40 -> 1.375 | J40: =MAX(300,SUM('Control Panel'!$B$1*I40)) -> 412.5
A41: 46060 | B41: Saturday | C41: Winter | D41: =_xlfn.XLOOKUP(C41, 'Control Panel'!$B$4:$B$8,'Control Panel'!$C$4:$C$8,"0") -> 1.25 | E41: =_xlfn.XLOOKUP(B41, 'Control Panel'!$B$11:$B$17,'Control Panel'!$C$11:$C$17,"0") -> 1.25 | G41: =_xlfn.XLOOKUP(F41, 'Control Panel'!$B$20:$B$26,'Control Panel'!$C$20:$C$26,"0") -> 0 | H41: 0 | I41: =(D41*E41)+G41+H41 -> 1.5625 | J41: =MAX(300,SUM('Control Panel'!$B$1*I41)) -> 468.75
A42: 46061 | B42: Sunday | C42: Winter | D42: =_xlfn.XLOOKUP(C42, 'Control Panel'!$B$4:$B$8,'Control Panel'!$C$4:$C$8,"0") -> 1.25 | E42: =_xlfn.XLOOKUP(B42, 'Control Panel'!$B$11:$B$17,'Control Panel'!$C$11:$C$17,"0") -> 1.05 | G42: =_xlfn.XLOOKUP(F42, 'Control Panel'!$B$20:$B$26,'Control Panel'!$C$20:$C$26,"0") -> 0 | H42: 0 | I42: =(D42*E42)+G42+H42 -> 1.3125 | J42: =MAX(300,SUM('Control Panel'!$B$1*I42)) -> 393.75
A43: 46062 | B43: Monday | C43: Winter | D43: =_xlfn.XLOOKUP(C43, 'Control Panel'!$B$4:$B$8,'Control Panel'!$C$4:$C$8,"0") -> 1.25 | E43: =_xlfn.XLOOKUP(B43, 'Control Panel'!$B$11:$B$17,'Control Panel'!$C$11:$C$17,"0") -> 0.95 | G43: =_xlfn.XLOOKUP(F43, 'Control Panel'!$B$20:$B$26,'Control Panel'!$C$20:$C$26,"0") -> 0 | H43: 0 | I43: =(D43*E43)+G43+H43 -> 1.1875 | J43: =MAX(300,SUM('Control Panel'!$B$1*I43)) -> 356.25
A44: 46063 | B44: Tuesday | C44: Winter | D44: =_xlfn.XLOOKUP(C44, 'Control Panel'!$B$4:$B$8,'Control Panel'!$C$4:$C$8,"0") -> 1.25 | E44: =_xlfn.XLOOKUP(B44, 'Control Panel'!$B$11:$B$17,'Control Panel'!$C$11:$C$17,"0") -> 0.95 | G44: =_xlfn.XLOOKUP(F44, 'Control Panel'!$B$20:$B$26,'Control Panel'!$C$20:$C$26,"0") -> 0 | H44: 0 | I44: =(D44*E44)+G44+H44 -> 1.1875 | J44: =MAX(300,SUM('Control Panel'!$B$1*I44)) -> 356.25
A45: 46064 | B45: Wednesday | C45: Winter | D45: =_xlfn.XLOOKUP(C45, 'Control Panel'!$B$4:$B$8,'Control Panel'!$C$4:$C$8,"0") -> 1.25 | E45: =_xlfn.XLOOKUP(B45, 'Control Panel'!$B$11:$B$17,'Control Panel'!$C$11:$C$17,"0") -> 0.95 | G45: =_xlfn.XLOOKUP(F45, 'Control Panel'!$B$20:$B$26,'Control Panel'!$C$20:$C$26,"0") -> 0 | H45: 0 | I45: =(D45*E45)+G45+H45 -> 1.1875 | J45: =MAX(300,SUM('Control Panel'!$B$1*I45)) -> 356.25
A46: 46065 | B46: Thursday | C46: Winter | D46: =_xlfn.XLOOKUP(C46, 'Control Panel'!$B$4:$B$8,'Control Panel'!$C$4:$C$8,"0") -> 1.25 | E46: =_xlfn.XLOOKUP(B46, 'Control Panel'!$B$11:$B$17,'Control Panel'!$C$11:$C$17,"0") -> 0.95 | G46: =_xlfn.XLOOKUP(F46, 'Control Panel'!$B$20:$B$26,'Control Panel'!$C$20:$C$26,"0") -> 0 | H46: 0 | I46: =(D46*E46)+G46+H46 -> 1.1875 | J46: =MAX(300,SUM('Control Panel'!$B$1*I46)) -> 356.25
... A62: 46081 | B62: Saturday | C62: Winter | D62: =_xlfn.XLOOKUP(C62, 'Control Panel'!$B$4:$B$8,'Control Panel'!$C$4:$C$8,"0") -> 1.25 | E62: =_xlfn.XLOOKUP(B62, 'Control Panel'!$B$11:$B$17,'Control Panel'!$C$11:$C$17,"0") -> 1.25 | G62: =_xlfn.XLOOKUP(F62, 'Control Panel'!$B$20:$B$26,'Control Panel'!$C$20:$C$26,"0") -> 0 | H62: 0 | I62: =(D62*E62)+G62+H62 -> 1.5625 | J62: =MAX(300,SUM('Control Panel'!$B$1*I62)) -> 468.75
A63: March | G63: =_xlfn.XLOOKUP(F63, 'Control Panel'!$B$20:$B$26,'Control Panel'!$C$20:$C$26,"0") -> 0
A64: 46082 | B64: Sunday | C64: Winter | D64: =_xlfn.XLOOKUP(C64, 'Control Panel'!$B$4:$B$8,'Control Panel'!$C$4:$C$8,"0") -> 1.25 | E64: =_xlfn.XLOOKUP(B64, 'Control Panel'!$B$11:$B$17,'Control Panel'!$C$11:$C$17,"0") -> 1.05 | G64: =_xlfn.XLOOKUP(F64, 'Control Panel'!$B$20:$B$26,'Control Panel'!$C$20:$C$26,"0") -> 0 | H64: 0 | I64: =(D64*E64)+G64+H64 -> 1.3125 | J64: =MAX(300,SUM('Control Panel'!$B$1*I64)) -> 393.75
A65: 46083 | B65: Monday | C65: Winter | D65: =_xlfn.XLOOKUP(C65, 'Control Panel'!$B$4:$B$8,'Control Panel'!$C$4:$C$8,"0") -> 1.25 | E65: =_xlfn.XLOOKUP(B65, 'Control Panel'!$B$11:$B$17,'Control Panel'!$C$11:$C$17,"0") -> 0.95 | G65: =_xlfn.XLOOKUP(F65, 'Control Panel'!$B$20:$B$26,'Control Panel'!$C$20:$C$26,"0") -> 0 | H65: 0 | I65: =(D65*E65)+G65+H65 -> 1.1875 | J65: =MAX(300,SUM('Control Panel'!$B$1*I65)) -> 356.25
A66: 46084 | B66: Tuesday | C66: Winter | D66: =_xlfn.XLOOKUP(C66, 'Control Panel'!$B$4:$B$8,'Control Panel'!$C$4:$C$8,"0") -> 1.25 | E66: =_xlfn.XLOOKUP(B66, 'Control Panel'!$B$11:$B$17,'Control Panel'!$C$11:$C$17,"0") -> 0.95 | G66: =_xlfn.XLOOKUP(F66, 'Control Panel'!$B$20:$B$26,'Control Panel'!$C$20:$C$26,"0") -> 0 | H66: 0 | I66: =(D66*E66)+G66+H66 -> 1.1875 | J66: =MAX(300,SUM('Control Panel'!$B$1*I66)) -> 356.25
A67: 46085 | B67: Wednesday | C67: Winter | D67: =_xlfn.XLOOKUP(C67, 'Control Panel'!$B$4:$B$8,'Control Panel'!$C$4:$C$8,"0") -> 1.25 | E67: =_xlfn.XLOOKUP(B67, 'Control Panel'!$B$11:$B$17,'Control Panel'!$C$11:$C$17,"0") -> 0.95 | G67: =_xlfn.XLOOKUP(F67, 'Control Panel'!$B$20:$B$26,'Control Panel'!$C$20:$C$26,"0") -> 0 | H67: 0 | I67: =(D67*E67)+G67+H67 -> 1.1875 | J67: =MAX(300,SUM('Control Panel'!$B$1*I67)) -> 356.25
A68: 46086 | B68: Thursday | C68: Winter | D68: =_xlfn.XLOOKUP(C68, 'Control Panel'!$B$4:$B$8,'Control Panel'!$C$4:$C$8,"0") -> 1.25 | E68: =_xlfn.XLOOKUP(B68, 'Control Panel'!$B$11:$B$17,'Control Panel'!$C$11:$C$17,"0") -> 0.95 | G68: =_xlfn.XLOOKUP(F68, 'Control Panel'!$B$20:$B$26,'Control Panel'!$C$20:$C$26,"0") -> 0 | H68: 0 | I68: =(D68*E68)+G68+H68 -> 1.1875 | J68: =MAX(300,SUM('Control Panel'!$B$1*I68)) -> 356.25
A69: 46087 | B69: Friday | C69: Winter | D69: =_xlfn.XLOOKUP(C69, 'Control Panel'!$B$4:$B$8,'Control Panel'!$C$4:$C$8,"0") -> 1.25 | E69: =_xlfn.XLOOKUP(B69, 'Control Panel'!$B$11:$B$17,'Control Panel'!$C$11:$C$17,"0") -> 1.1 | G69: =_xlfn.XLOOKUP(F69, 'Control Panel'!$B$20:$B$26,'Control Panel'!$C$20:$C$26,"0") -> 0 | H69: 0 | I69: =(D69*E69)+G69+H69 -> 1.375 | J69: =MAX(300,SUM('Control Panel'!$B$1*I69)) -> 412.5
A70: 46088 | B70: Saturday | C70: Winter | D70: =_xlfn.XLOOKUP(C70, 'Control Panel'!$B$4:$B$8,'Control Panel'!$C$4:$C$8,"0") -> 1.25 | E70: =_xlfn.XLOOKUP(B70, 'Control Panel'!$B$11:$B$17,'Control Panel'!$C$11:$C$17,"0") -> 1.25 | G70: =_xlfn.XLOOKUP(F70, 'Control Panel'!$B$20:$B$26,'Control Panel'!$C$20:$C$26,"0") -> 0 | H70: 0 | I70: =(D70*E70)+G70+H70 -> 1.5625 | J70: =MAX(300,SUM('Control Panel'!$B$1*I70)) -> 468.75
A71: 46089 | B71: Sunday | C71: Winter | D71: =_xlfn.XLOOKUP(C71, 'Control Panel'!$B$4:$B$8,'Control Panel'!$C$4:$C$8,"0") -> 1.25 | E71: =_xlfn.XLOOKUP(B71, 'Control Panel'!$B$11:$B$17,'Control Panel'!$C$11:$C$17,"0") -> 1.05 | G71: =_xlfn.XLOOKUP(F71, 'Control Panel'!$B$20:$B$26,'Control Panel'!$C$20:$C$26,"0") -> 0 | H71: 0 | I71: =(D71*E71)+G71+H71 -> 1.3125 | J71: =MAX(300,SUM('Control Panel'!$B$1*I71)) -> 393.75
A72: 46090 | B72: Monday | C72: Winter | D72: =_xlfn.XLOOKUP(C72, 'Control Panel'!$B$4:$B$8,'Control Panel'!$C$4:$C$8,"0") -> 1.25 | E72: =_xlfn.XLOOKUP(B72, 'Control Panel'!$B$11:$B$17,'Control Panel'!$C$11:$C$17,"0") -> 0.95 | G72: =_xlfn.XLOOKUP(F72, 'Control Panel'!$B$20:$B$26,'Control Panel'!$C$20:$C$26,"0") -> 0 | H72: 0 | I72: =(D72*E72)+G72+H72 -> 1.1875 | J72: =MAX(300,SUM('Control Panel'!$B$1*I72)) -> 356.25
A73: 46091 | B73: Tuesday | C73: Winter | D73: =_xlfn.XLOOKUP(C73, 'Control Panel'!$B$4:$B$8,'Control Panel'!$C$4:$C$8,"0") -> 1.25 | E73: =_xlfn.XLOOKUP(B73, 'Control Panel'!$B$11:$B$17,'Control Panel'!$C$11:$C$17,"0") -> 0.95 | G73: =_xlfn.XLOOKUP(F73, 'Control Panel'!$B$20:$B$26,'Control Panel'!$C$20:$C$26,"0") -> 0 | H73: 0 | I73: =(D73*E73)+G73+H73 -> 1.1875 | J73: =MAX(300,SUM('Control Panel'!$B$1*I73)) -> 356.25
A74: 46092 | B74: Wednesday | C74: Winter | D74: =_xlfn.XLOOKUP(C74, 'Control Panel'!$B$4:$B$8,'Control Panel'!$C$4:$C$8,"0") -> 1.25 | E74: =_xlfn.XLOOKUP(B74, 'Control Panel'!$B$11:$B$17,'Control Panel'!$C$11:$C$17,"0") -> 0.95 | G74: =_xlfn.XLOOKUP(F74, 'Control Panel'!$B$20:$B$26,'Control Panel'!$C$20:$C$26,"0") -> 0 | H74: 0 | I74: =(D74*E74)+G74+H74 -> 1.1875 | J74: =MAX(300,SUM('Control Panel'!$B$1*I74)) -> 356.25
A75: 46093 | B75: Thursday | C75: Winter | D75: =_xlfn.XLOOKUP(C75, 'Control Panel'!$B$4:$B$8,'Control Panel'!$C$4:$C$8,"0") -> 1.25 | E75: =_xlfn.XLOOKUP(B75, 'Control Panel'!$B$11:$B$17,'Control Panel'!$C$11:$C$17,"0") -> 0.95 | G75: =_xlfn.XLOOKUP(F75, 'Control Panel'!$B$20:$B$26,'Control Panel'!$C$20:$C$26,"0") -> 0 | H75: 0 | I75: =(D75*E75)+G75+H75 -> 1.1875 | J75: =MAX(300,SUM('Control Panel'!$B$1*I75)) -> 356.25
... A94: 46112 | B94: Tuesday | C94: Low | D94: =_xlfn.XLOOKUP(C94, 'Control Panel'!$B$4:$B$8,'Control Panel'!$C$4:$C$8,"0") -> 0.85 | E94: =_xlfn.XLOOKUP(B94, 'Control Panel'!$B$11:$B$17,'Control Panel'!$C$11:$C$17,"0") -> 0.95 | G94: =_xlfn.XLOOKUP(F94, 'Control Panel'!$B$20:$B$26,'Control Panel'!$C$20:$C$26,"0") -> 0 | H94: 0 | I94: =(D94*E94)+G94+H94 -> 0.8075 | J94: =MAX(300,SUM('Control Panel'!$B$1*I94)) -> 300
A95: April | G95: =_xlfn.XLOOKUP(F95, 'Control Panel'!$B$20:$B$26,'Control Panel'!$C$20:$C$26,"0") -> 0
A96: 46113 | B96: Wednesday | C96: Spring | D96: =_xlfn.XLOOKUP(C96, 'Control Panel'!$B$4:$B$8,'Control Panel'!$C$4:$C$8,"0") -> 0.9 | E96: =_xlfn.XLOOKUP(B96, 'Control Panel'!$B$11:$B$17,'Control Panel'!$C$11:$C$17,"0") -> 0.95 | G96: =_xlfn.XLOOKUP(F96, 'Control Panel'!$B$20:$B$26,'Control Panel'!$C$20:$C$26,"0") -> 0 | H96: 0 | I96: =(D96*E96)+G96+H96 -> 0.855 | J96: =MAX(300,SUM('Control Panel'!$B$1*I96)) -> 300
A97: 46114 | B97: Thursday | C97: Spring | D97: =_xlfn.XLOOKUP(C97, 'Control Panel'!$B$4:$B$8,'Control Panel'!$C$4:$C$8,"0") -> 0.9 | E97: =_xlfn.XLOOKUP(B97, 'Control Panel'!$B$11:$B$17,'Control Panel'!$C$11:$C$17,"0") -> 0.95 | G97: =_xlfn.XLOOKUP(F97, 'Control Panel'!$B$20:$B$26,'Control Panel'!$C$20:$C$26,"0") -> 0 | H97: 0 | I97: =(D97*E97)+G97+H97 -> 0.855 | J97: =MAX(300,SUM('Control Panel'!$B$1*I97)) -> 300
A98: 46115 | B98: Friday | C98: Spring | D98: =_xlfn.XLOOKUP(C98, 'Control Panel'!$B$4:$B$8,'Control Panel'!$C$4:$C$8,"0") -> 0.9 | E98: =_xlfn.XLOOKUP(B98, 'Control Panel'!$B$11:$B$17,'Control Panel'!$C$11:$C$17,"0") -> 1.1 | G98: =_xlfn.XLOOKUP(F98, 'Control Panel'!$B$20:$B$26,'Control Panel'!$C$20:$C$26,"0") -> 0 | H98: 0 | I98: =(D98*E98)+G98+H98 -> 0.99 | J98: =MAX(300,SUM('Control Panel'!$B$1*I98)) -> 300
A99: 46116 | B99: Saturday | C99: Spring | D99: =_xlfn.XLOOKUP(C99, 'Control Panel'!$B$4:$B$8,'Control Panel'!$C$4:$C$8,"0") -> 0.9 | E99: =_xlfn.XLOOKUP(B99, 'Control Panel'!$B$11:$B$17,'Control Panel'!$C$11:$C$17,"0") -> 1.25 | G99: =_xlfn.XLOOKUP(F99, 'Control Panel'!$B$20:$B$26,'Control Panel'!$C$20:$C$26,"0") -> 0 | H99: 0 | I99: =(D99*E99)+G99+H99 -> 1.125 | J99: =MAX(300,SUM('Control Panel'!$B$1*I99)) -> 337.5
A100: 46117 | B100: Sunday | C100: Spring | D100: =_xlfn.XLOOKUP(C100, 'Control Panel'!$B$4:$B$8,'Control Panel'!$C$4:$C$8,"0") -> 0.9 | E100: =_xlfn.XLOOKUP(B100, 'Control Panel'!$B$11:$B$17,'Control Panel'!$C$11:$C$17,"0") -> 1.05 | G100: =_xlfn.XLOOKUP(F100, 'Control Panel'!$B$20:$B$26,'Control Panel'!$C$20:$C$26,"0") -> 0 | H100: 0 | I100: =(D100*E100)+G100+H100 -> 0.945 | J100: =MAX(300,SUM('Control Panel'!$B$1*I100)) -> 300
A101: 46118 | B101: Monday | C101: Spring | D101: =_xlfn.XLOOKUP(C101, 'Control Panel'!$B$4:$B$8,'Control Panel'!$C$4:$C$8,"0") -> 0.9 | E101: =_xlfn.XLOOKUP(B101, 'Control Panel'!$B$11:$B$17,'Control Panel'!$C$11:$C$17,"0") -> 0.95 | G101: =_xlfn.XLOOKUP(F101, 'Control Panel'!$B$20:$B$26,'Control Panel'!$C$20:$C$26,"0") -> 0 | H101: 0 | I101: =(D101*E101)+G101+H101 -> 0.855 | J101: =MAX(300,SUM('Control Panel'!$B$1*I101)) -> 300
A102: 46119 | B102: Tuesday | C102: Spring | D102: =_xlfn.XLOOKUP(C102, 'Control Panel'!$B$4:$B$8,'Control Panel'!$C$4:$C$8,"0") -> 0.9 | E102: =_xlfn.XLOOKUP(B102, 'Control Panel'!$B$11:$B$17,'Control Panel'!$C$11:$C$17,"0") -> 0.95 | G102: =_xlfn.XLOOKUP(F102, 'Control Panel'!$B$20:$B$26,'Control Panel'!$C$20:$C$26,"0") -> 0 | H102: 0 | I102: =(D102*E102)+G102+H102 -> 0.855 | J102: =MAX(300,SUM('Control Panel'!$B$1*I102)) -> 300
A103: 46120 | B103: Wednesday | C103: Spring | D103: =_xlfn.XLOOKUP(C103, 'Control Panel'!$B$4:$B$8,'Control Panel'!$C$4:$C$8,"0") -> 0.9 | E103: =_xlfn.XLOOKUP(B103, 'Control Panel'!$B$11:$B$17,'Control Panel'!$C$11:$C$17,"0") -> 0.95 | G103: =_xlfn.XLOOKUP(F103, 'Control Panel'!$B$20:$B$26,'Control Panel'!$C$20:$C$26,"0") -> 0 | H103: 0 | I103: =(D103*E103)+G103+H103 -> 0.855 | J103: =MAX(300,SUM('Control Panel'!$B$1*I103)) -> 300
A104: 46121 | B104: Thursday | C104: Spring | D104: =_xlfn.XLOOKUP(C104, 'Control Panel'!$B$4:$B$8,'Control Panel'!$C$4:$C$8,"0") -> 0.9 | E104: =_xlfn.XLOOKUP(B104, 'Control Panel'!$B$11:$B$17,'Control Panel'!$C$11:$C$17,"0") -> 0.95 | G104: =_xlfn.XLOOKUP(F104, 'Control Panel'!$B$20:$B$26,'Control Panel'!$C$20:$C$26,"0") -> 0 | H104: 0 | I104: =(D104*E104)+G104+H104 -> 0.855 | J104: =MAX(300,SUM('Control Panel'!$B$1*I104)) -> 300
A105: 46122 | B105: Friday | C105: Spring | D105: =_xlfn.XLOOKUP(C105, 'Control Panel'!$B$4:$B$8,'Control Panel'!$C$4:$C$8,"0") -> 0.9 | E105: =_xlfn.XLOOKUP(B105, 'Control Panel'!$B$11:$B$17,'Control Panel'!$C$11:$C$17,"0") -> 1.1 | G105: =_xlfn.XLOOKUP(F105, 'Control Panel'!$B$20:$B$26,'Control Panel'!$C$20:$C$26,"0") -> 0 | H105: 0 | I105: =(D105*E105)+G105+H105 -> 0.99 | J105: =MAX(300,SUM('Control Panel'!$B$1*I105)) -> 300
A106: 46123 | B106: Saturday | C106: Spring | D106: =_xlfn.XLOOKUP(C106, 'Control Panel'!$B$4:$B$8,'Control Panel'!$C$4:$C$8,"0") -> 0.9 | E106: =_xlfn.XLOOKUP(B106, 'Control Panel'!$B$11:$B$17,'Control Panel'!$C$11:$C$17,"0") -> 1.25 | G106: =_xlfn.XLOOKUP(F106, 'Control Panel'!$B$20:$B$26,'Control Panel'!$C$20:$C$26,"0") -> 0 | H106: 0 | I106: =(D106*E106)+G106+H106 -> 1.125 | J106: =MAX(300,SUM('Control Panel'!$B$1*I106)) -> 337.5
A107: 46124 | B107: Sunday | C107: Spring | D107: =_xlfn.XLOOKUP(C107, 'Control Panel'!$B$4:$B$8,'Control Panel'!$C$4:$C$8,"0") -> 0.9 | E107: =_xlfn.XLOOKUP(B107, 'Control Panel'!$B$11:$B$17,'Control Panel'!$C$11:$C$17,"0") -> 1.05 | G107: =_xlfn.XLOOKUP(F107, 'Control Panel'!$B$20:$B$26,'Control Panel'!$C$20:$C$26,"0") -> 0 | H107: 0 | I107: =(D107*E107)+G107+H107 -> 0.945 | J107: =MAX(300,SUM('Control Panel'!$B$1*I107)) -> 300
... A125: 46142 | B125: Thursday | C125: Spring | D125: =_xlfn.XLOOKUP(C125, 'Control Panel'!$B$4:$B$8,'Control Panel'!$C$4:$C$8,"0") -> 0.9 | E125: =_xlfn.XLOOKUP(B125, 'Control Panel'!$B$11:$B$17,'Control Panel'!$C$11:$C$17,"0") -> 0.95 | G125: =_xlfn.XLOOKUP(F125, 'Control Panel'!$B$20:$B$26,'Control Panel'!$C$20:$C$26,"0") -> 0 | H125: 0 | I125: =(D125*E125)+G125+H125 -> 0.855 | J125: =MAX(300,SUM('Control Panel'!$B$1*I125)) -> 300
A126: May | G126: =_xlfn.XLOOKUP(F126, 'Control Panel'!$B$20:$B$26,'Control Panel'!$C$20:$C$26,"0") -> 0
A127: 46143 | B127: Friday | C127: Spring | D127: =_xlfn.XLOOKUP(C127, 'Control Panel'!$B$4:$B$8,'Control Panel'!$C$4:$C$8,"0") -> 0.9 | E127: =_xlfn.XLOOKUP(B127, 'Control Panel'!$B$11:$B$17,'Control Panel'!$C$11:$C$17,"0") -> 1.1 | G127: =_xlfn.XLOOKUP(F127, 'Control Panel'!$B$20:$B$26,'Control Panel'!$C$20:$C$26,"0") -> 0 | H127: 0 | I127: =(D127*E127)+G127+H127 -> 0.99 | J127: =MAX(300,SUM('Control Panel'!$B$1*I127)) -> 300
A128: 46144 | B128: Saturday | C128: Spring | D128: =_xlfn.XLOOKUP(C128, 'Control Panel'!$B$4:$B$8,'Control Panel'!$C$4:$C$8,"0") -> 0.9 | E128: =_xlfn.XLOOKUP(B128, 'Control Panel'!$B$11:$B$17,'Control Panel'!$C$11:$C$17,"0") -> 1.25 | G128: =_xlfn.XLOOKUP(F128, 'Control Panel'!$B$20:$B$26,'Control Panel'!$C$20:$C$26,"0") -> 0 | H128: 0 | I128: =(D128*E128)+G128+H128 -> 1.125 | J128: =MAX(300,SUM('Control Panel'!$B$1*I128)) -> 337.5
A129: 46145 | B129: Sunday | C129: Spring | D129: =_xlfn.XLOOKUP(C129, 'Control Panel'!$B$4:$B$8,'Control Panel'!$C$4:$C$8,"0") -> 0.9 | E129: =_xlfn.XLOOKUP(B129, 'Control Panel'!$B$11:$B$17,'Control Panel'!$C$11:$C$17,"0") -> 1.05 | G129: =_xlfn.XLOOKUP(F129, 'Control Panel'!$B$20:$B$26,'Control Panel'!$C$20:$C$26,"0") -> 0 | H129: 0 | I129: =(D129*E129)+G129+H129 -> 0.945 | J129: =MAX(300,SUM('Control Panel'!$B$1*I129)) -> 300
A130: 46146 | B130: Monday | C130: Spring | D130: =_xlfn.XLOOKUP(C130, 'Control Panel'!$B$4:$B$8,'Control Panel'!$C$4:$C$8,"0") -> 0.9 | E130: =_xlfn.XLOOKUP(B130, 'Control Panel'!$B$11:$B$17,'Control Panel'!$C$11:$C$17,"0") -> 0.95 | G130: =_xlfn.XLOOKUP(F130, 'Control Panel'!$B$20:$B$26,'Control Panel'!$C$20:$C$26,"0") -> 0 | H130: 0 | I130: =(D130*E130)+G130+H130 -> 0.855 | J130: =MAX(300,SUM('Control Panel'!$B$1*I130)) -> 300
A131: 46147 | B131: Tuesday | C131: Spring | D131: =_xlfn.XLOOKUP(C131, 'Control Panel'!$B$4:$B$8,'Control Panel'!$C$4:$C$8,"0") -> 0.9 | E131: =_xlfn.XLOOKUP(B131, 'Control Panel'!$B$11:$B$17,'Control Panel'!$C$11:$C$17,"0") -> 0.95 | G131: =_xlfn.XLOOKUP(F131, 'Control Panel'!$B$20:$B$26,'Control Panel'!$C$20:$C$26,"0") -> 0 | H131: 0 | I131: =(D131*E131)+G131+H131 -> 0.855 | J131: =MAX(300,SUM('Control Panel'!$B$1*I131)) -> 300
A132: 46148 | B132: Wednesday | C132: Spring | D132: =_xlfn.XLOOKUP(C132, 'Control Panel'!$B$4:$B$8,'Control Panel'!$C$4:$C$8,"0") -> 0.9 | E132: =_xlfn.XLOOKUP(B132, 'Control Panel'!$B$11:$B$17,'Control Panel'!$C$11:$C$17,"0") -> 0.95 | G132: =_xlfn.XLOOKUP(F132, 'Control Panel'!$B$20:$B$26,'Control Panel'!$C$20:$C$26,"0") -> 0 | H132: 0 | I132: =(D132*E132)+G132+H132 -> 0.855 | J132: =MAX(300,SUM('Control Panel'!$B$1*I132)) -> 300
A133: 46149 | B133: Thursday | C133: Spring | D133: =_xlfn.XLOOKUP(C133, 'Control Panel'!$B$4:$B$8,'Control Panel'!$C$4:$C$8,"0") -> 0.9 | E133: =_xlfn.XLOOKUP(B133, 'Control Panel'!$B$11:$B$17,'Control Panel'!$C$11:$C$17,"0") -> 0.95 | G133: =_xlfn.XLOOKUP(F133, 'Control Panel'!$B$20:$B$26,'Control Panel'!$C$20:$C$26,"0") -> 0 | H133: 0 | I133: =(D133*E133)+G133+H133 -> 0.855 | J133: =MAX(300,SUM('Control Panel'!$B$1*I133)) -> 300
A134: 46150 | B134: Friday | C134: Spring | D134: =_xlfn.XLOOKUP(C134, 'Control Panel'!$B$4:$B$8,'Control Panel'!$C$4:$C$8,"0") -> 0.9 | E134: =_xlfn.XLOOKUP(B134, 'Control Panel'!$B$11:$B$17,'Control Panel'!$C$11:$C$17,"0") -> 1.1 | G134: =_xlfn.XLOOKUP(F134, 'Control Panel'!$B$20:$B$26,'Control Panel'!$C$20:$C$26,"0") -> 0 | H134: 0 | I134: =(D134*E134)+G134+H134 -> 0.99 | J134: =MAX(300,SUM('Control Panel'!$B$1*I134)) -> 300
A135: 46151 | B135: Saturday | C135: Spring | D135: =_xlfn.XLOOKUP(C135, 'Control Panel'!$B$4:$B$8,'Control Panel'!$C$4:$C$8,"0") -> 0.9 | E135: =_xlfn.XLOOKUP(B135, 'Control Panel'!$B$11:$B$17,'Control Panel'!$C$11:$C$17,"0") -> 1.25 | G135: =_xlfn.XLOOKUP(F135, 'Control Panel'!$B$20:$B$26,'Control Panel'!$C$20:$C$26,"0") -> 0 | H135: 0 | I135: =(D135*E135)+G135+H135 -> 1.125 | J135: =MAX(300,SUM('Control Panel'!$B$1*I135)) -> 337.5
A136: 46152 | B136: Sunday | C136: Spring | D136: =_xlfn.XLOOKUP(C136, 'Control Panel'!$B$4:$B$8,'Control Panel'!$C$4:$C$8,"0") -> 0.9 | E136: =_xlfn.XLOOKUP(B136, 'Control Panel'!$B$11:$B$17,'Control Panel'!$C$11:$C$17,"0") -> 1.05 | G136: =_xlfn.XLOOKUP(F136, 'Control Panel'!$B$20:$B$26,'Control Panel'!$C$20:$C$26,"0") -> 0 | H136: 0 | I136: =(D136*E136)+G136+H136 -> 0.945 | J136: =MAX(300,SUM('Control Panel'!$B$1*I136)) -> 300
A137: 46153 | B137: Monday | C137: Spring | D137: =_xlfn.XLOOKUP(C137, 'Control Panel'!$B$4:$B$8,'Control Panel'!$C$4:$C$8,"0") -> 0.9 | E137: =_xlfn.XLOOKUP(B137, 'Control Panel'!$B$11:$B$17,'Control Panel'!$C$11:$C$17,"0") -> 0.95 | G137: =_xlfn.XLOOKUP(F137, 'Control Panel'!$B$20:$B$26,'Control Panel'!$C$20:$C$26,"0") -> 0 | H137: 0 | I137: =(D137*E137)+G137+H137 -> 0.855 | J137: =MAX(300,SUM('Control Panel'!$B$1*I137)) -> 300
A138: 46154 | B138: Tuesday | C138: Spring | D138: =_xlfn.XLOOKUP(C138, 'Control Panel'!$B$4:$B$8,'Control Panel'!$C$4:$C$8,"0") -> 0.9 | E138: =_xlfn.XLOOKUP(B138, 'Control Panel'!$B$11:$B$17,'Control Panel'!$C$11:$C$17,"0") -> 0.95 | G138: =_xlfn.XLOOKUP(F138, 'Control Panel'!$B$20:$B$26,'Control Panel'!$C$20:$C$26,"0") -> 0 | H138: 0 | I138: =(D138*E138)+G138+H138 -> 0.855 | J138: =MAX(300,SUM('Control Panel'!$B$1*I138)) -> 300
... A157: 46173 | B157: Sunday | C157: Spring | D157: =_xlfn.XLOOKUP(C157, 'Control Panel'!$B$4:$B$8,'Control Panel'!$C$4:$C$8,"0") -> 0.9 | E157: =_xlfn.XLOOKUP(B157, 'Control Panel'!$B$11:$B$17,'Control Panel'!$C$11:$C$17,"0") -> 1.05 | G157: =_xlfn.XLOOKUP(F157, 'Control Panel'!$B$20:$B$26,'Control Panel'!$C$20:$C$26,"0") -> 0 | H157: 0 | I157: =(D157*E157)+G157+H157 -> 0.945 | J157: =MAX(300,SUM('Control Panel'!$B$1*I157)) -> 300
A158: June | G158: =_xlfn.XLOOKUP(F158, 'Control Panel'!$B$20:$B$26,'Control Panel'!$C$20:$C$26,"0") -> 0
A159: 46174 | B159: Monday | C159: Summer | D159: =_xlfn.XLOOKUP(C159, 'Control Panel'!$B$4:$B$8,'Control Panel'!$C$4:$C$8,"0") -> 1.3 | E159: =_xlfn.XLOOKUP(B159, 'Control Panel'!$B$11:$B$17,'Control Panel'!$C$11:$C$17,"0") -> 0.95 | G159: =_xlfn.XLOOKUP(F159, 'Control Panel'!$B$20:$B$26,'Control Panel'!$C$20:$C$26,"0") -> 0 | H159: 0 | I159: =(D159*E159)+G159+H159 -> 1.235 | J159: =MAX(300,SUM('Control Panel'!$B$1*I159)) -> 370.5
A160: 46175 | B160: Tuesday | C160: Summer | D160: =_xlfn.XLOOKUP(C160, 'Control Panel'!$B$4:$B$8,'Control Panel'!$C$4:$C$8,"0") -> 1.3 | E160: =_xlfn.XLOOKUP(B160, 'Control Panel'!$B$11:$B$17,'Control Panel'!$C$11:$C$17,"0") -> 0.95 | G160: =_xlfn.XLOOKUP(F160, 'Control Panel'!$B$20:$B$26,'Control Panel'!$C$20:$C$26,"0") -> 0 | H160: 0 | I160: =(D160*E160)+G160+H160 -> 1.235 | J160: =MAX(300,SUM('Control Panel'!$B$1*I160)) -> 370.5
A161: 46176 | B161: Wednesday | C161: Summer | D161: =_xlfn.XLOOKUP(C161, 'Control Panel'!$B$4:$B$8,'Control Panel'!$C$4:$C$8,"0") -> 1.3 | E161: =_xlfn.XLOOKUP(B161, 'Control Panel'!$B$11:$B$17,'Control Panel'!$C$11:$C$17,"0") -> 0.95 | G161: =_xlfn.XLOOKUP(F161, 'Control Panel'!$B$20:$B$26,'Control Panel'!$C$20:$C$26,"0") -> 0 | H161: 0 | I161: =(D161*E161)+G161+H161 -> 1.235 | J161: =MAX(300,SUM('Control Panel'!$B$1*I161)) -> 370.5
A162: 46177 | B162: Thursday | C162: Summer | D162: =_xlfn.XLOOKUP(C162, 'Control Panel'!$B$4:$B$8,'Control Panel'!$C$4:$C$8,"0") -> 1.3 | E162: =_xlfn.XLOOKUP(B162, 'Control Panel'!$B$11:$B$17,'Control Panel'!$C$11:$C$17,"0") -> 0.95 | G162: =_xlfn.XLOOKUP(F162, 'Control Panel'!$B$20:$B$26,'Control Panel'!$C$20:$C$26,"0") -> 0 | H162: 0 | I162: =(D162*E162)+G162+H162 -> 1.235 | J162: =MAX(300,SUM('Control Panel'!$B$1*I162)) -> 370.5
A163: 46178 | B163: Friday | C163: Summer | D163: =_xlfn.XLOOKUP(C163, 'Control Panel'!$B$4:$B$8,'Control Panel'!$C$4:$C$8,"0") -> 1.3 | E163: =_xlfn.XLOOKUP(B163, 'Control Panel'!$B$11:$B$17,'Control Panel'!$C$11:$C$17,"0") -> 1.1 | G163: =_xlfn.XLOOKUP(F163, 'Control Panel'!$B$20:$B$26,'Control Panel'!$C$20:$C$26,"0") -> 0 | H163: 0 | I163: =(D163*E163)+G163+H163 -> 1.43 | J163: =MAX(300,SUM('Control Panel'!$B$1*I163)) -> 429
A164: 46179 | B164: Saturday | C164: Summer | D164: =_xlfn.XLOOKUP(C164, 'Control Panel'!$B$4:$B$8,'Control Panel'!$C$4:$C$8,"0") -> 1.3 | E164: =_xlfn.XLOOKUP(B164, 'Control Panel'!$B$11:$B$17,'Control Panel'!$C$11:$C$17,"0") -> 1.25 | G164: =_xlfn.XLOOKUP(F164, 'Control Panel'!$B$20:$B$26,'Control Panel'!$C$20:$C$26,"0") -> 0 | H164: 0 | I164: =(D164*E164)+G164+H164 -> 1.625 | J164: =MAX(300,SUM('Control Panel'!$B$1*I164)) -> 487.5
A165: 46180 | B165: Sunday | C165: Summer | D165: =_xlfn.XLOOKUP(C165, 'Control Panel'!$B$4:$B$8,'Control Panel'!$C$4:$C$8,"0") -> 1.3 | E165: =_xlfn.XLOOKUP(B165, 'Control Panel'!$B$11:$B$17,'Control Panel'!$C$11:$C$17,"0") -> 1.05 | G165: =_xlfn.XLOOKUP(F165, 'Control Panel'!$B$20:$B$26,'Control Panel'!$C$20:$C$26,"0") -> 0 | H165: 0 | I165: =(D165*E165)+G165+H165 -> 1.365 | J165: =MAX(300,SUM('Control Panel'!$B$1*I165)) -> 409.5
A166: 46181 | B166: Monday | C166: Summer | D166: =_xlfn.XLOOKUP(C166, 'Control Panel'!$B$4:$B$8,'Control Panel'!$C$4:$C$8,"0") -> 1.3 | E166: =_xlfn.XLOOKUP(B166, 'Control Panel'!$B$11:$B$17,'Control Panel'!$C$11:$C$17,"0") -> 0.95 | G166: =_xlfn.XLOOKUP(F166, 'Control Panel'!$B$20:$B$26,'Control Panel'!$C$20:$C$26,"0") -> 0 | H166: 0 | I166: =(D166*E166)+G166+H166 -> 1.235 | J166: =MAX(300,SUM('Control Panel'!$B$1*I166)) -> 370.5
A167: 46182 | B167: Tuesday | C167: Summer | D167: =_xlfn.XLOOKUP(C167, 'Control Panel'!$B$4:$B$8,'Control Panel'!$C$4:$C$8,"0") -> 1.3 | E167: =_xlfn.XLOOKUP(B167, 'Control Panel'!$B$11:$B$17,'Control Panel'!$C$11:$C$17,"0") -> 0.95 | G167: =_xlfn.XLOOKUP(F167, 'Control Panel'!$B$20:$B$26,'Control Panel'!$C$20:$C$26,"0") -> 0 | H167: 0 | I167: =(D167*E167)+G167+H167 -> 1.235 | J167: =MAX(300,SUM('Control Panel'!$B$1*I167)) -> 370.5
A168: 46183 | B168: Wednesday | C168: Summer | D168: =_xlfn.XLOOKUP(C168, 'Control Panel'!$B$4:$B$8,'Control Panel'!$C$4:$C$8,"0") -> 1.3 | E168: =_xlfn.XLOOKUP(B168, 'Control Panel'!$B$11:$B$17,'Control Panel'!$C$11:$C$17,"0") -> 0.95 | G168: =_xlfn.XLOOKUP(F168, 'Control Panel'!$B$20:$B$26,'Control Panel'!$C$20:$C$26,"0") -> 0 | H168: 0 | I168: =(D168*E168)+G168+H168 -> 1.235 | J168: =MAX(300,SUM('Control Panel'!$B$1*I168)) -> 370.5
A169: 46184 | B169: Thursday | C169: Summer | D169: =_xlfn.XLOOKUP(C169, 'Control Panel'!$B$4:$B$8,'Control Panel'!$C$4:$C$8,"0") -> 1.3 | E169: =_xlfn.XLOOKUP(B169, 'Control Panel'!$B$11:$B$17,'Control Panel'!$C$11:$C$17,"0") -> 0.95 | G169: =_xlfn.XLOOKUP(F169, 'Control Panel'!$B$20:$B$26,'Control Panel'!$C$20:$C$26,"0") -> 0 | H169: 0 | I169: =(D169*E169)+G169+H169 -> 1.235 | J169: =MAX(300,SUM('Control Panel'!$B$1*I169)) -> 370.5
A170: 46185 | B170: Friday | C170: Summer | D170: =_xlfn.XLOOKUP(C170, 'Control Panel'!$B$4:$B$8,'Control Panel'!$C$4:$C$8,"0") -> 1.3 | E170: =_xlfn.XLOOKUP(B170, 'Control Panel'!$B$11:$B$17,'Control Panel'!$C$11:$C$17,"0") -> 1.1 | G170: =_xlfn.XLOOKUP(F170, 'Control Panel'!$B$20:$B$26,'Control Panel'!$C$20:$C$26,"0") -> 0 | H170: 0 | I170: =(D170*E170)+G170+H170 -> 1.43 | J170: =MAX(300,SUM('Control Panel'!$B$1*I170)) -> 429
... A181: 46196 | B181: Tuesday | C181: Summer | D181: =_xlfn.XLOOKUP(C181, 'Control Panel'!$B$4:$B$8,'Control Panel'!$C$4:$C$8,"0") -> 1.3 | E181: =_xlfn.XLOOKUP(B181, 'Control Panel'!$B$11:$B$17,'Control Panel'!$C$11:$C$17,"0") -> 0.95 | G181: =_xlfn.XLOOKUP(F181, 'Control Panel'!$B$20:$B$26,'Control Panel'!$C$20:$C$26,"0") -> 0 | H181: 0 | I181: =(D181*E181)+G181+H181 -> 1.235 | J181: =MAX(300,SUM('Control Panel'!$B$1*I181)) -> 370.5
A182: 46197 | B182: Wednesday | C182: Summer | D182: =_xlfn.XLOOKUP(C182, 'Control Panel'!$B$4:$B$8,'Control Panel'!$C$4:$C$8,"0") -> 1.3 | E182: =_xlfn.XLOOKUP(B182, 'Control Panel'!$B$11:$B$17,'Control Panel'!$C$11:$C$17,"0") -> 0.95 | F182: St-Jean | G182: =_xlfn.XLOOKUP(F182, 'Control Panel'!$B$20:$B$26,'Control Panel'!$C$20:$C$26,"0") -> 0.35 | H182: 0 | I182: =(D182*E182)+G182+H182 -> 1.585 | J182: =MAX(300,SUM('Control Panel'!$B$1*I182)) -> 475.5
A183: 46198 | B183: Thursday | C183: Summer | D183: =_xlfn.XLOOKUP(C183, 'Control Panel'!$B$4:$B$8,'Control Panel'!$C$4:$C$8,"0") -> 1.3 | E183: =_xlfn.XLOOKUP(B183, 'Control Panel'!$B$11:$B$17,'Control Panel'!$C$11:$C$17,"0") -> 0.95 | G183: =_xlfn.XLOOKUP(F183, 'Control Panel'!$B$20:$B$26,'Control Panel'!$C$20:$C$26,"0") -> 0 | H183: 0 | I183: =(D183*E183)+G183+H183 -> 1.235 | J183: =MAX(300,SUM('Control Panel'!$B$1*I183)) -> 370.5
A184: 46199 | B184: Friday | C184: Summer | D184: =_xlfn.XLOOKUP(C184, 'Control Panel'!$B$4:$B$8,'Control Panel'!$C$4:$C$8,"0") -> 1.3 | E184: =_xlfn.XLOOKUP(B184, 'Control Panel'!$B$11:$B$17,'Control Panel'!$C$11:$C$17,"0") -> 1.1 | G184: =_xlfn.XLOOKUP(F184, 'Control Panel'!$B$20:$B$26,'Control Panel'!$C$20:$C$26,"0") -> 0 | H184: 0 | I184: =(D184*E184)+G184+H184 -> 1.43 | J184: =MAX(300,SUM('Control Panel'!$B$1*I184)) -> 429
A185: 46200 | B185: Saturday | C185: Summer | D185: =_xlfn.XLOOKUP(C185, 'Control Panel'!$B$4:$B$8,'Control Panel'!$C$4:$C$8,"0") -> 1.3 | E185: =_xlfn.XLOOKUP(B185, 'Control Panel'!$B$11:$B$17,'Control Panel'!$C$11:$C$17,"0") -> 1.25 | G185: =_xlfn.XLOOKUP(F185, 'Control Panel'!$B$20:$B$26,'Control Panel'!$C$20:$C$26,"0") -> 0 | H185: 0 | I185: =(D185*E185)+G185+H185 -> 1.625 | J185: =MAX(300,SUM('Control Panel'!$B$1*I185)) -> 487.5
A186: 46201 | B186: Sunday | C186: Summer | D186: =_xlfn.XLOOKUP(C186, 'Control Panel'!$B$4:$B$8,'Control Panel'!$C$4:$C$8,"0") -> 1.3 | E186: =_xlfn.XLOOKUP(B186, 'Control Panel'!$B$11:$B$17,'Control Panel'!$C$11:$C$17,"0") -> 1.05 | G186: =_xlfn.XLOOKUP(F186, 'Control Panel'!$B$20:$B$26,'Control Panel'!$C$20:$C$26,"0") -> 0 | H186: 0 | I186: =(D186*E186)+G186+H186 -> 1.365 | J186: =MAX(300,SUM('Control Panel'!$B$1*I186)) -> 409.5
A187: 46202 | B187: Monday | C187: Summer | D187: =_xlfn.XLOOKUP(C187, 'Control Panel'!$B$4:$B$8,'Control Panel'!$C$4:$C$8,"0") -> 1.3 | E187: =_xlfn.XLOOKUP(B187, 'Control Panel'!$B$11:$B$17,'Control Panel'!$C$11:$C$17,"0") -> 0.95 | G187: =_xlfn.XLOOKUP(F187, 'Control Panel'!$B$20:$B$26,'Control Panel'!$C$20:$C$26,"0") -> 0 | H187: 0 | I187: =(D187*E187)+G187+H187 -> 1.235 | J187: =MAX(300,SUM('Control Panel'!$B$1*I187)) -> 370.5
A188: 46203 | B188: Tuesday | C188: Summer | D188: =_xlfn.XLOOKUP(C188, 'Control Panel'!$B$4:$B$8,'Control Panel'!$C$4:$C$8,"0") -> 1.3 | E188: =_xlfn.XLOOKUP(B188, 'Control Panel'!$B$11:$B$17,'Control Panel'!$C$11:$C$17,"0") -> 0.95 | G188: =_xlfn.XLOOKUP(F188, 'Control Panel'!$B$20:$B$26,'Control Panel'!$C$20:$C$26,"0") -> 0 | H188: 0 | I188: =(D188*E188)+G188+H188 -> 1.235 | J188: =MAX(300,SUM('Control Panel'!$B$1*I188)) -> 370.5
A189: July | G189: =_xlfn.XLOOKUP(F189, 'Control Panel'!$B$20:$B$26,'Control Panel'!$C$20:$C$26,"0") -> 0
A190: 46204 | B190: Wednesday | C190: Summer | D190: =_xlfn.XLOOKUP(C190, 'Control Panel'!$B$4:$B$8,'Control Panel'!$C$4:$C$8,"0") -> 1.3 | E190: =_xlfn.XLOOKUP(B190, 'Control Panel'!$B$11:$B$17,'Control Panel'!$C$11:$C$17,"0") -> 0.95 | F190: Canada Day | G190: =_xlfn.XLOOKUP(F190, 'Control Panel'!$B$20:$B$26,'Control Panel'!$C$20:$C$26,"0") -> 0.35 | H190: 0 | I190: =(D190*E190)+G190+H190 -> 1.585 | J190: =MAX(300,SUM('Control Panel'!$B$1*I190)) -> 475.5
A191: 46205 | B191: Thursday | C191: Summer | D191: =_xlfn.XLOOKUP(C191, 'Control Panel'!$B$4:$B$8,'Control Panel'!$C$4:$C$8,"0") -> 1.3 | E191: =_xlfn.XLOOKUP(B191, 'Control Panel'!$B$11:$B$17,'Control Panel'!$C$11:$C$17,"0") -> 0.95 | G191: =_xlfn.XLOOKUP(F191, 'Control Panel'!$B$20:$B$26,'Control Panel'!$C$20:$C$26,"0") -> 0 | H191: 0 | I191: =(D191*E191)+G191+H191 -> 1.235 | J191: =MAX(300,SUM('Control Panel'!$B$1*I191)) -> 370.5
A192: 46206 | B192: Friday | C192: Summer | D192: =_xlfn.XLOOKUP(C192, 'Control Panel'!$B$4:$B$8,'Control Panel'!$C$4:$C$8,"0") -> 1.3 | E192: =_xlfn.XLOOKUP(B192, 'Control Panel'!$B$11:$B$17,'Control Panel'!$C$11:$C$17,"0") -> 1.1 | G192: =_xlfn.XLOOKUP(F192, 'Control Panel'!$B$20:$B$26,'Control Panel'!$C$20:$C$26,"0") -> 0 | H192: 0 | I192: =(D192*E192)+G192+H192 -> 1.43 | J192: =MAX(300,SUM('Control Panel'!$B$1*I192)) -> 429
A193: 46207 | B193: Saturday | C193: Summer | D193: =_xlfn.XLOOKUP(C193, 'Control Panel'!$B$4:$B$8,'Control Panel'!$C$4:$C$8,"0") -> 1.3 | E193: =_xlfn.XLOOKUP(B193, 'Control Panel'!$B$11:$B$17,'Control Panel'!$C$11:$C$17,"0") -> 1.25 | G193: =_xlfn.XLOOKUP(F193, 'Control Panel'!$B$20:$B$26,'Control Panel'!$C$20:$C$26,"0") -> 0 | H193: 0 | I193: =(D193*E193)+G193+H193 -> 1.625 | J193: =MAX(300,SUM('Control Panel'!$B$1*I193)) -> 487.5
A194: 46208 | B194: Sunday | C194: Summer | D194: =_xlfn.XLOOKUP(C194, 'Control Panel'!$B$4:$B$8,'Control Panel'!$C$4:$C$8,"0") -> 1.3 | E194: =_xlfn.XLOOKUP(B194, 'Control Panel'!$B$11:$B$17,'Control Panel'!$C$11:$C$17,"0") -> 1.05 | G194: =_xlfn.XLOOKUP(F194, 'Control Panel'!$B$20:$B$26,'Control Panel'!$C$20:$C$26,"0") -> 0 | H194: 0 | I194: =(D194*E194)+G194+H194 -> 1.365 | J194: =MAX(300,SUM('Control Panel'!$B$1*I194)) -> 409.5
A195: 46209 | B195: Monday | C195: Summer | D195: =_xlfn.XLOOKUP(C195, 'Control Panel'!$B$4:$B$8,'Control Panel'!$C$4:$C$8,"0") -> 1.3 | E195: =_xlfn.XLOOKUP(B195, 'Control Panel'!$B$11:$B$17,'Control Panel'!$C$11:$C$17,"0") -> 0.95 | G195: =_xlfn.XLOOKUP(F195, 'Control Panel'!$B$20:$B$26,'Control Panel'!$C$20:$C$26,"0") -> 0 | H195: 0 | I195: =(D195*E195)+G195+H195 -> 1.235 | J195: =MAX(300,SUM('Control Panel'!$B$1*I195)) -> 370.5
...
